"","Country","Year","selected_data_source","Top_marginal_tax_rate"
"1","Australia",1975,"2_Brookings",65
"2","Australia",1976,"2_Brookings",65
"3","Australia",1977,"2_Brookings",NA
"4","Australia",1978,"2_Brookings",NA
"5","Australia",1979,"2_Brookings",61.5
"6","Australia",1980,"2_Brookings",NA
"7","Australia",1981,"2_Brookings",60
"8","Australia",1982,"2_Brookings",60
"9","Australia",1983,"2_Brookings",60
"10","Australia",1984,"2_Brookings",60
"11","Australia",1985,"2_Brookings",60
"12","Australia",1986,"2_Brookings",60
"13","Australia",1987,"2_Brookings",57.08
"14","Australia",1988,"2_Brookings",49
"15","Australia",1989,"2_Brookings",49
"16","Australia",1990,"2_Brookings",48
"17","Australia",1991,"2_Brookings",47
"18","Australia",1992,"2_Brookings",47
"19","Australia",1993,"2_Brookings",47
"20","Australia",1994,"2_Brookings",47
"21","Australia",1995,"2_Brookings",47
"22","Australia",1996,"2_Brookings",47
"23","Australia",1997,"2_Brookings",47
"24","Australia",1998,"2_Brookings",47
"25","Australia",1999,"2_Brookings",47
"26","Australia",2000,"1_OECD",47
"27","Australia",2001,"1_OECD",47
"28","Australia",2002,"1_OECD",47
"29","Australia",2003,"1_OECD",47
"30","Australia",2004,"1_OECD",47
"31","Australia",2005,"1_OECD",47
"32","Australia",2006,"1_OECD",47
"33","Australia",2007,"1_OECD",45
"34","Australia",2008,"1_OECD",45
"35","Australia",2009,"1_OECD",45
"36","Australia",2010,"1_OECD",45
"37","Australia",2011,"1_OECD",45
"38","Australia",2012,"1_OECD",45
"39","Australia",2013,"1_OECD",45
"40","Austria",1975,"2_Brookings",62
"41","Austria",1976,"2_Brookings",62
"42","Austria",1977,"2_Brookings",62
"43","Austria",1978,"2_Brookings",62
"44","Austria",1979,"2_Brookings",62
"45","Austria",1980,"2_Brookings",62
"46","Austria",1981,"2_Brookings",62
"47","Austria",1982,"2_Brookings",62
"48","Austria",1983,"2_Brookings",62
"49","Austria",1984,"2_Brookings",62
"50","Austria",1985,"2_Brookings",62
"51","Austria",1986,"2_Brookings",62
"52","Austria",1987,"2_Brookings",62
"53","Austria",1988,"2_Brookings",62
"54","Austria",1989,"2_Brookings",50
"55","Austria",1990,"2_Brookings",50
"56","Austria",1991,"2_Brookings",50
"57","Austria",1992,"2_Brookings",50
"58","Austria",1993,"2_Brookings",50
"59","Austria",1994,"2_Brookings",50
"60","Austria",1995,"2_Brookings",50
"61","Austria",1996,"2_Brookings",50
"62","Austria",1997,"2_Brookings",50
"63","Austria",1998,"2_Brookings",50
"64","Austria",1999,"2_Brookings",50
"65","Austria",2000,"1_OECD",50
"66","Austria",2001,"1_OECD",50
"67","Austria",2002,"1_OECD",50
"68","Austria",2003,"1_OECD",50
"69","Austria",2004,"1_OECD",50
"70","Austria",2005,"1_OECD",50
"71","Austria",2006,"1_OECD",50
"72","Austria",2007,"1_OECD",50
"73","Austria",2008,"1_OECD",50
"74","Austria",2009,"1_OECD",50
"75","Austria",2010,"1_OECD",50
"76","Austria",2011,"1_OECD",50
"77","Austria",2012,"1_OECD",50
"78","Austria",2013,"1_OECD",50
"79","Belgium",1975,"2_Brookings",60
"80","Belgium",1976,"2_Brookings",NA
"81","Belgium",1977,"2_Brookings",NA
"82","Belgium",1978,"2_Brookings",NA
"83","Belgium",1979,"2_Brookings",76.32
"84","Belgium",1980,"2_Brookings",76.32
"85","Belgium",1981,"2_Brookings",76.32
"86","Belgium",1982,"2_Brookings",76.32
"87","Belgium",1983,"2_Brookings",NA
"88","Belgium",1984,"2_Brookings",71.55
"89","Belgium",1985,"2_Brookings",71.55
"90","Belgium",1986,"2_Brookings",71.13
"91","Belgium",1987,"2_Brookings",70.7
"92","Belgium",1988,"2_Brookings",70.7
"93","Belgium",1989,"2_Brookings",55
"94","Belgium",1990,"2_Brookings",55
"95","Belgium",1991,"2_Brookings",55
"96","Belgium",1992,"2_Brookings",55
"97","Belgium",1993,"2_Brookings",55
"98","Belgium",1994,"2_Brookings",55
"99","Belgium",1995,"2_Brookings",55
"100","Belgium",1996,"2_Brookings",55
"101","Belgium",1997,"2_Brookings",55
"102","Belgium",1998,"2_Brookings",55
"103","Belgium",1999,"2_Brookings",55
"104","Belgium",2000,"1_OECD",55
"105","Belgium",2001,"1_OECD",55
"106","Belgium",2002,"1_OECD",52
"107","Belgium",2003,"1_OECD",50
"108","Belgium",2004,"1_OECD",50
"109","Belgium",2005,"1_OECD",50
"110","Belgium",2006,"1_OECD",50
"111","Belgium",2007,"1_OECD",50
"112","Belgium",2008,"1_OECD",50
"113","Belgium",2009,"1_OECD",50
"114","Belgium",2010,"1_OECD",50
"115","Belgium",2011,"1_OECD",50
"116","Belgium",2012,"1_OECD",50
"117","Belgium",2013,"1_OECD",50
"118","Canada",1975,"2_Brookings",47
"119","Canada",1976,"2_Brookings",NA
"120","Canada",1977,"2_Brookings",NA
"121","Canada",1978,"2_Brookings",NA
"122","Canada",1979,"2_Brookings",61.92
"123","Canada",1980,"2_Brookings",NA
"124","Canada",1981,"2_Brookings",62.78
"125","Canada",1982,"2_Brookings",50.32
"126","Canada",1983,"2_Brookings",NA
"127","Canada",1984,"2_Brookings",34
"128","Canada",1985,"2_Brookings",34
"129","Canada",1986,"2_Brookings",34
"130","Canada",1987,"2_Brookings",34
"131","Canada",1988,"2_Brookings",29
"132","Canada",1989,"2_Brookings",29
"133","Canada",1990,"2_Brookings",29
"134","Canada",1991,"2_Brookings",29
"135","Canada",1992,"2_Brookings",29
"136","Canada",1993,"2_Brookings",29
"137","Canada",1994,"2_Brookings",29
"138","Canada",1995,"2_Brookings",29
"139","Canada",1996,"2_Brookings",29
"140","Canada",1997,"2_Brookings",29
"141","Canada",1998,"2_Brookings",29
"142","Canada",1999,"2_Brookings",29
"143","Canada",2000,"1_OECD",29
"144","Canada",2001,"1_OECD",29
"145","Canada",2002,"1_OECD",29
"146","Canada",2003,"1_OECD",29
"147","Canada",2004,"1_OECD",29
"148","Canada",2005,"1_OECD",29
"149","Canada",2006,"1_OECD",29
"150","Canada",2007,"1_OECD",29
"151","Canada",2008,"1_OECD",29
"152","Canada",2009,"1_OECD",29
"153","Canada",2010,"1_OECD",29
"154","Canada",2011,"1_OECD",29
"155","Canada",2012,"1_OECD",29
"156","Canada",2013,"1_OECD",29
"157","Chile",1975,"2_Brookings",NA
"158","Chile",1976,"2_Brookings",NA
"159","Chile",1977,"2_Brookings",NA
"160","Chile",1978,"2_Brookings",NA
"161","Chile",1979,"2_Brookings",NA
"162","Chile",1980,"2_Brookings",NA
"163","Chile",1981,"2_Brookings",NA
"164","Chile",1982,"2_Brookings",NA
"165","Chile",1983,"2_Brookings",NA
"166","Chile",1984,"2_Brookings",NA
"167","Chile",1985,"2_Brookings",NA
"168","Chile",1986,"2_Brookings",NA
"169","Chile",1987,"2_Brookings",NA
"170","Chile",1988,"2_Brookings",NA
"171","Chile",1989,"2_Brookings",NA
"172","Chile",1990,"2_Brookings",NA
"173","Chile",1991,"2_Brookings",NA
"174","Chile",1992,"2_Brookings",NA
"175","Chile",1993,"2_Brookings",NA
"176","Chile",1994,"2_Brookings",NA
"177","Chile",1995,"2_Brookings",NA
"178","Chile",1996,"2_Brookings",NA
"179","Chile",1997,"2_Brookings",NA
"180","Chile",1998,"2_Brookings",NA
"181","Chile",1999,"2_Brookings",NA
"182","Chile",2000,"1_OECD",45
"183","Chile",2001,"1_OECD",45
"184","Chile",2002,"1_OECD",43
"185","Chile",2003,"1_OECD",40
"186","Chile",2004,"1_OECD",40
"187","Chile",2005,"1_OECD",40
"188","Chile",2006,"1_OECD",40
"189","Chile",2007,"1_OECD",40
"190","Chile",2008,"1_OECD",40
"191","Chile",2009,"1_OECD",40
"192","Chile",2010,"1_OECD",40
"193","Chile",2011,"1_OECD",40
"194","Chile",2012,"1_OECD",40
"195","Chile",2013,"1_OECD",40
"196","Czech Republic",1975,"2_Brookings",NA
"197","Czech Republic",1976,"2_Brookings",NA
"198","Czech Republic",1977,"2_Brookings",NA
"199","Czech Republic",1978,"2_Brookings",NA
"200","Czech Republic",1979,"2_Brookings",NA
"201","Czech Republic",1980,"2_Brookings",NA
"202","Czech Republic",1981,"2_Brookings",NA
"203","Czech Republic",1982,"2_Brookings",NA
"204","Czech Republic",1983,"2_Brookings",NA
"205","Czech Republic",1984,"2_Brookings",NA
"206","Czech Republic",1985,"2_Brookings",NA
"207","Czech Republic",1986,"2_Brookings",NA
"208","Czech Republic",1987,"2_Brookings",NA
"209","Czech Republic",1988,"2_Brookings",NA
"210","Czech Republic",1989,"2_Brookings",NA
"211","Czech Republic",1990,"2_Brookings",NA
"212","Czech Republic",1991,"2_Brookings",55
"213","Czech Republic",1992,"2_Brookings",55
"214","Czech Republic",1993,"2_Brookings",47
"215","Czech Republic",1994,"2_Brookings",44
"216","Czech Republic",1995,"2_Brookings",43
"217","Czech Republic",1996,"2_Brookings",40
"218","Czech Republic",1997,"2_Brookings",40
"219","Czech Republic",1998,"2_Brookings",40
"220","Czech Republic",1999,"2_Brookings",40
"221","Czech Republic",2000,"1_OECD",32
"222","Czech Republic",2001,"1_OECD",32
"223","Czech Republic",2002,"1_OECD",32
"224","Czech Republic",2003,"1_OECD",32
"225","Czech Republic",2004,"1_OECD",32
"226","Czech Republic",2005,"1_OECD",32
"227","Czech Republic",2006,"1_OECD",32
"228","Czech Republic",2007,"1_OECD",32
"229","Czech Republic",2008,"2_Brookings",15
"230","Czech Republic",2009,"2_Brookings",15
"231","Czech Republic",2010,"2_Brookings",15
"232","Czech Republic",2011,"2_Brookings",15
"233","Czech Republic",2012,"2_Brookings",15
"234","Czech Republic",2013,"2_Brookings",15
"235","Denmark",1975,"2_Brookings",40
"236","Denmark",1976,"2_Brookings",65.4
"237","Denmark",1977,"2_Brookings",NA
"238","Denmark",1978,"2_Brookings",NA
"239","Denmark",1979,"2_Brookings",66
"240","Denmark",1980,"2_Brookings",NA
"241","Denmark",1981,"2_Brookings",70
"242","Denmark",1982,"2_Brookings",70
"243","Denmark",1983,"2_Brookings",NA
"244","Denmark",1984,"2_Brookings",39.6
"245","Denmark",1985,"2_Brookings",39.6
"246","Denmark",1986,"2_Brookings",39.6
"247","Denmark",1987,"2_Brookings",22
"248","Denmark",1988,"2_Brookings",68
"249","Denmark",1989,"2_Brookings",68
"250","Denmark",1990,"2_Brookings",68
"251","Denmark",1991,"2_Brookings",68
"252","Denmark",1992,"2_Brookings",68
"253","Denmark",1993,"2_Brookings",68
"254","Denmark",1994,"2_Brookings",64.5
"255","Denmark",1995,"2_Brookings",63.5
"256","Denmark",1996,"2_Brookings",65
"257","Denmark",1997,"2_Brookings",60
"258","Denmark",1998,"2_Brookings",58
"259","Denmark",1999,"2_Brookings",59
"260","Denmark",2000,"1_OECD",28
"261","Denmark",2001,"1_OECD",27.25
"262","Denmark",2002,"1_OECD",26.5
"263","Denmark",2003,"1_OECD",26.5
"264","Denmark",2004,"1_OECD",26.6
"265","Denmark",2005,"1_OECD",26.48
"266","Denmark",2006,"1_OECD",26.48
"267","Denmark",2007,"1_OECD",26.48
"268","Denmark",2008,"1_OECD",26.48
"269","Denmark",2009,"1_OECD",26.04
"270","Denmark",2010,"1_OECD",18.67
"271","Denmark",2011,"1_OECD",18.64
"272","Denmark",2012,"1_OECD",19.65
"273","Denmark",2013,"1_OECD",20.83
"274","Estonia",1975,"2_Brookings",NA
"275","Estonia",1976,"2_Brookings",NA
"276","Estonia",1977,"2_Brookings",NA
"277","Estonia",1978,"2_Brookings",NA
"278","Estonia",1979,"2_Brookings",NA
"279","Estonia",1980,"2_Brookings",NA
"280","Estonia",1981,"2_Brookings",NA
"281","Estonia",1982,"2_Brookings",NA
"282","Estonia",1983,"2_Brookings",NA
"283","Estonia",1984,"2_Brookings",NA
"284","Estonia",1985,"2_Brookings",NA
"285","Estonia",1986,"2_Brookings",NA
"286","Estonia",1987,"2_Brookings",NA
"287","Estonia",1988,"2_Brookings",NA
"288","Estonia",1989,"2_Brookings",NA
"289","Estonia",1990,"2_Brookings",NA
"290","Estonia",1991,"2_Brookings",NA
"291","Estonia",1992,"2_Brookings",NA
"292","Estonia",1993,"2_Brookings",NA
"293","Estonia",1994,"2_Brookings",NA
"294","Estonia",1995,"2_Brookings",NA
"295","Estonia",1996,"2_Brookings",NA
"296","Estonia",1997,"2_Brookings",NA
"297","Estonia",1998,"2_Brookings",NA
"298","Estonia",1999,"2_Brookings",NA
"299","Estonia",2000,"2_Brookings",26
"300","Estonia",2001,"2_Brookings",26
"301","Estonia",2002,"2_Brookings",26
"302","Estonia",2003,"2_Brookings",26
"303","Estonia",2004,"2_Brookings",26
"304","Estonia",2005,"2_Brookings",24
"305","Estonia",2006,"2_Brookings",23
"306","Estonia",2007,"2_Brookings",22
"307","Estonia",2008,"2_Brookings",21
"308","Estonia",2009,"2_Brookings",21
"309","Estonia",2010,"2_Brookings",21
"310","Estonia",2011,"2_Brookings",21
"311","Estonia",2012,"2_Brookings",21
"312","Estonia",2013,"2_Brookings",21
"313","Finland",1975,"2_Brookings",51
"314","Finland",1976,"2_Brookings",70.75
"315","Finland",1977,"2_Brookings",NA
"316","Finland",1978,"2_Brookings",NA
"317","Finland",1979,"2_Brookings",51
"318","Finland",1980,"2_Brookings",51
"319","Finland",1981,"2_Brookings",51
"320","Finland",1982,"2_Brookings",51
"321","Finland",1983,"2_Brookings",51
"322","Finland",1984,"2_Brookings",51
"323","Finland",1985,"2_Brookings",51
"324","Finland",1986,"2_Brookings",51
"325","Finland",1987,"2_Brookings",51
"326","Finland",1988,"2_Brookings",51
"327","Finland",1989,"2_Brookings",44
"328","Finland",1990,"2_Brookings",43
"329","Finland",1991,"2_Brookings",39
"330","Finland",1992,"2_Brookings",39
"331","Finland",1993,"2_Brookings",39
"332","Finland",1994,"2_Brookings",39
"333","Finland",1995,"2_Brookings",39
"334","Finland",1996,"2_Brookings",39
"335","Finland",1997,"2_Brookings",38
"336","Finland",1998,"2_Brookings",38
"337","Finland",1999,"2_Brookings",38
"338","Finland",2000,"1_OECD",37.5
"339","Finland",2001,"1_OECD",37
"340","Finland",2002,"1_OECD",36
"341","Finland",2003,"1_OECD",35
"342","Finland",2004,"1_OECD",34
"343","Finland",2005,"1_OECD",33.5
"344","Finland",2006,"1_OECD",32.5
"345","Finland",2007,"1_OECD",32
"346","Finland",2008,"1_OECD",31.5
"347","Finland",2009,"1_OECD",30.5
"348","Finland",2010,"1_OECD",30
"349","Finland",2011,"1_OECD",30
"350","Finland",2012,"1_OECD",29.75
"351","Finland",2013,"1_OECD",31.75
"352","France",1975,"2_Brookings",60
"353","France",1976,"2_Brookings",60
"354","France",1977,"2_Brookings",60
"355","France",1978,"2_Brookings",60
"356","France",1979,"2_Brookings",60
"357","France",1980,"2_Brookings",60
"358","France",1981,"2_Brookings",60
"359","France",1982,"2_Brookings",60
"360","France",1983,"2_Brookings",NA
"361","France",1984,"2_Brookings",70
"362","France",1985,"2_Brookings",65
"363","France",1986,"2_Brookings",61.35
"364","France",1987,"2_Brookings",53.1
"365","France",1988,"2_Brookings",51.79
"366","France",1989,"2_Brookings",51.79
"367","France",1990,"2_Brookings",51.79
"368","France",1991,"2_Brookings",51.79
"369","France",1992,"2_Brookings",56.5
"370","France",1993,"2_Brookings",56.5
"371","France",1994,"2_Brookings",56.8
"372","France",1995,"2_Brookings",NA
"373","France",1996,"2_Brookings",NA
"374","France",1997,"2_Brookings",NA
"375","France",1998,"2_Brookings",NA
"376","France",1999,"2_Brookings",NA
"377","France",2000,"1_OECD",53.25
"378","France",2001,"1_OECD",52.75
"379","France",2002,"1_OECD",49.58
"380","France",2003,"1_OECD",48.09
"381","France",2004,"1_OECD",48.09
"382","France",2005,"1_OECD",48.09
"383","France",2006,"1_OECD",40
"384","France",2007,"1_OECD",40
"385","France",2008,"1_OECD",40
"386","France",2009,"1_OECD",40
"387","France",2010,"1_OECD",40
"388","France",2011,"1_OECD",41
"389","France",2012,"1_OECD",45
"390","France",2013,"1_OECD",45
"391","Germany",1975,"2_Brookings",56
"392","Germany",1976,"2_Brookings",56
"393","Germany",1977,"2_Brookings",56
"394","Germany",1978,"2_Brookings",56
"395","Germany",1979,"2_Brookings",56
"396","Germany",1980,"2_Brookings",56
"397","Germany",1981,"2_Brookings",56
"398","Germany",1982,"2_Brookings",56
"399","Germany",1983,"2_Brookings",56
"400","Germany",1984,"2_Brookings",56
"401","Germany",1985,"2_Brookings",56
"402","Germany",1986,"2_Brookings",56
"403","Germany",1987,"2_Brookings",56
"404","Germany",1988,"2_Brookings",56
"405","Germany",1989,"2_Brookings",56
"406","Germany",1990,"2_Brookings",53
"407","Germany",1991,"2_Brookings",53
"408","Germany",1992,"2_Brookings",53
"409","Germany",1993,"2_Brookings",53
"410","Germany",1994,"2_Brookings",53
"411","Germany",1995,"2_Brookings",53
"412","Germany",1996,"2_Brookings",53
"413","Germany",1997,"2_Brookings",53
"414","Germany",1998,"2_Brookings",53
"415","Germany",1999,"2_Brookings",53
"416","Germany",2000,"1_OECD",51
"417","Germany",2001,"1_OECD",48.5
"418","Germany",2002,"1_OECD",48.5
"419","Germany",2003,"1_OECD",48.5
"420","Germany",2004,"1_OECD",48
"421","Germany",2005,"1_OECD",42
"422","Germany",2006,"1_OECD",42
"423","Germany",2007,"1_OECD",45
"424","Germany",2008,"1_OECD",45
"425","Germany",2009,"1_OECD",45
"426","Germany",2010,"1_OECD",45
"427","Germany",2011,"1_OECD",45
"428","Germany",2012,"1_OECD",45
"429","Germany",2013,"1_OECD",45
"430","Greece",1975,"2_Brookings",63
"431","Greece",1976,"2_Brookings",NA
"432","Greece",1977,"2_Brookings",NA
"433","Greece",1978,"2_Brookings",NA
"434","Greece",1979,"2_Brookings",60
"435","Greece",1980,"2_Brookings",60
"436","Greece",1981,"2_Brookings",60
"437","Greece",1982,"2_Brookings",60
"438","Greece",1983,"2_Brookings",NA
"439","Greece",1984,"2_Brookings",63
"440","Greece",1985,"2_Brookings",63
"441","Greece",1986,"2_Brookings",63
"442","Greece",1987,"2_Brookings",63
"443","Greece",1988,"2_Brookings",50
"444","Greece",1989,"2_Brookings",50
"445","Greece",1990,"2_Brookings",50
"446","Greece",1991,"2_Brookings",50
"447","Greece",1992,"2_Brookings",50
"448","Greece",1993,"2_Brookings",40
"449","Greece",1994,"2_Brookings",40
"450","Greece",1995,"2_Brookings",45
"451","Greece",1996,"2_Brookings",45
"452","Greece",1997,"2_Brookings",45
"453","Greece",1998,"2_Brookings",45
"454","Greece",1999,"2_Brookings",45
"455","Greece",2000,"1_OECD",45
"456","Greece",2001,"1_OECD",42.5
"457","Greece",2002,"1_OECD",40
"458","Greece",2003,"1_OECD",40
"459","Greece",2004,"1_OECD",40
"460","Greece",2005,"1_OECD",40
"461","Greece",2006,"1_OECD",40
"462","Greece",2007,"1_OECD",40
"463","Greece",2008,"1_OECD",40
"464","Greece",2009,"1_OECD",40
"465","Greece",2010,"1_OECD",45
"466","Greece",2011,"1_OECD",45
"467","Greece",2012,"1_OECD",45
"468","Greece",2013,"1_OECD",45
"469","Hungary",1975,"2_Brookings",NA
"470","Hungary",1976,"2_Brookings",NA
"471","Hungary",1977,"2_Brookings",NA
"472","Hungary",1978,"2_Brookings",NA
"473","Hungary",1979,"2_Brookings",NA
"474","Hungary",1980,"2_Brookings",NA
"475","Hungary",1981,"2_Brookings",NA
"476","Hungary",1982,"2_Brookings",NA
"477","Hungary",1983,"2_Brookings",NA
"478","Hungary",1984,"2_Brookings",NA
"479","Hungary",1985,"2_Brookings",NA
"480","Hungary",1986,"2_Brookings",NA
"481","Hungary",1987,"2_Brookings",NA
"482","Hungary",1988,"2_Brookings",NA
"483","Hungary",1989,"2_Brookings",NA
"484","Hungary",1990,"2_Brookings",50
"485","Hungary",1991,"2_Brookings",50
"486","Hungary",1992,"2_Brookings",40
"487","Hungary",1993,"2_Brookings",40
"488","Hungary",1994,"2_Brookings",44
"489","Hungary",1995,"2_Brookings",44
"490","Hungary",1996,"2_Brookings",48
"491","Hungary",1997,"2_Brookings",42
"492","Hungary",1998,"2_Brookings",42
"493","Hungary",1999,"2_Brookings",40
"494","Hungary",2000,"1_OECD",40
"495","Hungary",2001,"1_OECD",40
"496","Hungary",2002,"1_OECD",40
"497","Hungary",2003,"1_OECD",40
"498","Hungary",2004,"1_OECD",38
"499","Hungary",2005,"1_OECD",38
"500","Hungary",2006,"1_OECD",36
"501","Hungary",2007,"1_OECD",36
"502","Hungary",2008,"1_OECD",36
"503","Hungary",2009,"1_OECD",36
"504","Hungary",2010,"1_OECD",32
"505","Hungary",2011,"2_Brookings",16
"506","Hungary",2012,"2_Brookings",16
"507","Hungary",2013,"2_Brookings",16
"508","Iceland",1975,"2_Brookings",NA
"509","Iceland",1976,"2_Brookings",NA
"510","Iceland",1977,"2_Brookings",NA
"511","Iceland",1978,"2_Brookings",NA
"512","Iceland",1979,"2_Brookings",NA
"513","Iceland",1980,"2_Brookings",NA
"514","Iceland",1981,"2_Brookings",NA
"515","Iceland",1982,"2_Brookings",NA
"516","Iceland",1983,"2_Brookings",NA
"517","Iceland",1984,"2_Brookings",NA
"518","Iceland",1985,"2_Brookings",38
"519","Iceland",1986,"2_Brookings",NA
"520","Iceland",1987,"2_Brookings",NA
"521","Iceland",1988,"2_Brookings",NA
"522","Iceland",1989,"2_Brookings",NA
"523","Iceland",1990,"2_Brookings",NA
"524","Iceland",1991,"2_Brookings",NA
"525","Iceland",1992,"2_Brookings",33
"526","Iceland",1993,"2_Brookings",NA
"527","Iceland",1994,"2_Brookings",NA
"528","Iceland",1995,"2_Brookings",NA
"529","Iceland",1996,"2_Brookings",NA
"530","Iceland",1997,"2_Brookings",NA
"531","Iceland",1998,"2_Brookings",NA
"532","Iceland",1999,"2_Brookings",NA
"533","Iceland",2000,"1_OECD",33.41
"534","Iceland",2001,"1_OECD",33.08
"535","Iceland",2002,"1_OECD",32.75
"536","Iceland",2003,"1_OECD",30.75
"537","Iceland",2004,"1_OECD",29.75
"538","Iceland",2005,"1_OECD",26.75
"539","Iceland",2006,"2_Brookings",36.72
"540","Iceland",2007,"2_Brookings",35.72
"541","Iceland",2008,"2_Brookings",35.7
"542","Iceland",2009,"2_Brookings",46.1
"543","Iceland",2010,"1_OECD",33
"544","Iceland",2011,"1_OECD",31.8
"545","Iceland",2012,"1_OECD",31.8
"546","Iceland",2013,"1_OECD",31.8
"547","Ireland",1975,"2_Brookings",77
"548","Ireland",1976,"2_Brookings",77
"549","Ireland",1977,"2_Brookings",NA
"550","Ireland",1978,"2_Brookings",NA
"551","Ireland",1979,"2_Brookings",60
"552","Ireland",1980,"2_Brookings",60
"553","Ireland",1981,"2_Brookings",60
"554","Ireland",1982,"2_Brookings",60
"555","Ireland",1983,"2_Brookings",NA
"556","Ireland",1984,"2_Brookings",65
"557","Ireland",1985,"2_Brookings",65
"558","Ireland",1986,"2_Brookings",60
"559","Ireland",1987,"2_Brookings",58
"560","Ireland",1988,"2_Brookings",58
"561","Ireland",1989,"2_Brookings",58
"562","Ireland",1990,"2_Brookings",56
"563","Ireland",1991,"2_Brookings",53
"564","Ireland",1992,"2_Brookings",52
"565","Ireland",1993,"2_Brookings",48
"566","Ireland",1994,"2_Brookings",48
"567","Ireland",1995,"2_Brookings",48
"568","Ireland",1996,"2_Brookings",48
"569","Ireland",1997,"2_Brookings",48
"570","Ireland",1998,"2_Brookings",46
"571","Ireland",1999,"2_Brookings",46
"572","Ireland",2000,"1_OECD",44
"573","Ireland",2001,"1_OECD",42
"574","Ireland",2002,"1_OECD",42
"575","Ireland",2003,"1_OECD",42
"576","Ireland",2004,"1_OECD",42
"577","Ireland",2005,"1_OECD",42
"578","Ireland",2006,"1_OECD",42
"579","Ireland",2007,"1_OECD",41
"580","Ireland",2008,"1_OECD",41
"581","Ireland",2009,"1_OECD",41
"582","Ireland",2010,"1_OECD",41
"583","Ireland",2011,"1_OECD",41
"584","Ireland",2012,"1_OECD",41
"585","Ireland",2013,"1_OECD",41
"586","Israel",1975,"2_Brookings",NA
"587","Israel",1976,"2_Brookings",NA
"588","Israel",1977,"2_Brookings",NA
"589","Israel",1978,"2_Brookings",NA
"590","Israel",1979,"2_Brookings",NA
"591","Israel",1980,"2_Brookings",NA
"592","Israel",1981,"2_Brookings",NA
"593","Israel",1982,"2_Brookings",NA
"594","Israel",1983,"2_Brookings",NA
"595","Israel",1984,"2_Brookings",NA
"596","Israel",1985,"2_Brookings",NA
"597","Israel",1986,"2_Brookings",NA
"598","Israel",1987,"2_Brookings",NA
"599","Israel",1988,"2_Brookings",NA
"600","Israel",1989,"2_Brookings",NA
"601","Israel",1990,"2_Brookings",NA
"602","Israel",1991,"2_Brookings",NA
"603","Israel",1992,"2_Brookings",NA
"604","Israel",1993,"2_Brookings",NA
"605","Israel",1994,"2_Brookings",NA
"606","Israel",1995,"2_Brookings",NA
"607","Israel",1996,"2_Brookings",NA
"608","Israel",1997,"2_Brookings",NA
"609","Israel",1998,"2_Brookings",NA
"610","Israel",1999,"2_Brookings",NA
"611","Israel",2000,"1_OECD",50
"612","Israel",2001,"1_OECD",50
"613","Israel",2002,"1_OECD",50.5
"614","Israel",2003,"1_OECD",50
"615","Israel",2004,"1_OECD",49
"616","Israel",2005,"1_OECD",49
"617","Israel",2006,"1_OECD",49
"618","Israel",2007,"1_OECD",48
"619","Israel",2008,"1_OECD",47
"620","Israel",2009,"1_OECD",46
"621","Israel",2010,"1_OECD",45
"622","Israel",2011,"1_OECD",45
"623","Israel",2012,"1_OECD",48
"624","Israel",2013,"1_OECD",48
"625","Italy",1975,"2_Brookings",72
"626","Italy",1976,"2_Brookings",72
"627","Italy",1977,"2_Brookings",72
"628","Italy",1978,"2_Brookings",72
"629","Italy",1979,"2_Brookings",72
"630","Italy",1980,"2_Brookings",72
"631","Italy",1981,"2_Brookings",72
"632","Italy",1982,"2_Brookings",72
"633","Italy",1983,"2_Brookings",NA
"634","Italy",1984,"2_Brookings",65
"635","Italy",1985,"2_Brookings",65
"636","Italy",1986,"2_Brookings",62
"637","Italy",1987,"2_Brookings",62
"638","Italy",1988,"2_Brookings",62
"639","Italy",1989,"2_Brookings",50
"640","Italy",1990,"2_Brookings",50
"641","Italy",1991,"2_Brookings",50
"642","Italy",1992,"2_Brookings",51
"643","Italy",1993,"2_Brookings",51
"644","Italy",1994,"2_Brookings",51
"645","Italy",1995,"2_Brookings",51
"646","Italy",1996,"2_Brookings",51
"647","Italy",1997,"2_Brookings",51
"648","Italy",1998,"2_Brookings",46
"649","Italy",1999,"2_Brookings",46
"650","Italy",2000,"1_OECD",45.5
"651","Italy",2001,"1_OECD",45
"652","Italy",2002,"1_OECD",45
"653","Italy",2003,"1_OECD",45
"654","Italy",2004,"1_OECD",45
"655","Italy",2005,"1_OECD",43
"656","Italy",2006,"1_OECD",39
"657","Italy",2007,"1_OECD",43
"658","Italy",2008,"1_OECD",43
"659","Italy",2009,"1_OECD",43
"660","Italy",2010,"1_OECD",43
"661","Italy",2011,"1_OECD",43
"662","Italy",2012,"1_OECD",43
"663","Italy",2013,"1_OECD",43
"664","Japan",1975,"2_Brookings",75
"665","Japan",1976,"2_Brookings",NA
"666","Japan",1977,"2_Brookings",NA
"667","Japan",1978,"2_Brookings",NA
"668","Japan",1979,"2_Brookings",93
"669","Japan",1980,"2_Brookings",93
"670","Japan",1981,"2_Brookings",93
"671","Japan",1982,"2_Brookings",93
"672","Japan",1983,"2_Brookings",NA
"673","Japan",1984,"2_Brookings",75
"674","Japan",1985,"2_Brookings",70
"675","Japan",1986,"2_Brookings",70
"676","Japan",1987,"2_Brookings",70
"677","Japan",1988,"2_Brookings",60
"678","Japan",1989,"2_Brookings",50
"679","Japan",1990,"2_Brookings",50
"680","Japan",1991,"2_Brookings",50
"681","Japan",1992,"2_Brookings",50
"682","Japan",1993,"2_Brookings",50
"683","Japan",1994,"2_Brookings",50
"684","Japan",1995,"2_Brookings",50
"685","Japan",1996,"2_Brookings",50
"686","Japan",1997,"2_Brookings",50
"687","Japan",1998,"2_Brookings",50
"688","Japan",1999,"2_Brookings",50
"689","Japan",2000,"1_OECD",37
"690","Japan",2001,"1_OECD",37
"691","Japan",2002,"1_OECD",37
"692","Japan",2003,"1_OECD",37
"693","Japan",2004,"1_OECD",37
"694","Japan",2005,"1_OECD",37
"695","Japan",2006,"1_OECD",37
"696","Japan",2007,"1_OECD",40
"697","Japan",2008,"1_OECD",40
"698","Japan",2009,"1_OECD",40
"699","Japan",2010,"1_OECD",40
"700","Japan",2011,"1_OECD",40
"701","Japan",2012,"1_OECD",40
"702","Japan",2013,"1_OECD",40
"703","Korea",1975,"2_Brookings",NA
"704","Korea",1976,"2_Brookings",NA
"705","Korea",1977,"2_Brookings",NA
"706","Korea",1978,"2_Brookings",NA
"707","Korea",1979,"2_Brookings",89.25
"708","Korea",1980,"2_Brookings",NA
"709","Korea",1981,"2_Brookings",79.05
"710","Korea",1982,"2_Brookings",76.5
"711","Korea",1983,"2_Brookings",NA
"712","Korea",1984,"2_Brookings",55
"713","Korea",1985,"2_Brookings",55
"714","Korea",1986,"2_Brookings",55
"715","Korea",1987,"2_Brookings",55
"716","Korea",1988,"2_Brookings",55
"717","Korea",1989,"2_Brookings",50
"718","Korea",1990,"2_Brookings",50
"719","Korea",1991,"2_Brookings",50
"720","Korea",1992,"2_Brookings",50
"721","Korea",1993,"2_Brookings",50
"722","Korea",1994,"2_Brookings",45
"723","Korea",1995,"2_Brookings",45
"724","Korea",1996,"2_Brookings",40
"725","Korea",1997,"2_Brookings",40
"726","Korea",1998,"2_Brookings",40
"727","Korea",1999,"2_Brookings",40
"728","Korea",2000,"1_OECD",40
"729","Korea",2001,"1_OECD",40
"730","Korea",2002,"1_OECD",36
"731","Korea",2003,"1_OECD",36
"732","Korea",2004,"1_OECD",36
"733","Korea",2005,"1_OECD",35
"734","Korea",2006,"1_OECD",35
"735","Korea",2007,"1_OECD",35
"736","Korea",2008,"1_OECD",35
"737","Korea",2009,"1_OECD",35
"738","Korea",2010,"1_OECD",35
"739","Korea",2011,"1_OECD",35
"740","Korea",2012,"1_OECD",38
"741","Korea",2013,"1_OECD",38
"742","Luxembourg",1975,"2_Brookings",57
"743","Luxembourg",1976,"2_Brookings",57.7
"744","Luxembourg",1977,"2_Brookings",NA
"745","Luxembourg",1978,"2_Brookings",NA
"746","Luxembourg",1979,"2_Brookings",58.43
"747","Luxembourg",1980,"2_Brookings",58.43
"748","Luxembourg",1981,"2_Brookings",58.43
"749","Luxembourg",1982,"2_Brookings",59.85
"750","Luxembourg",1983,"2_Brookings",NA
"751","Luxembourg",1984,"2_Brookings",NA
"752","Luxembourg",1985,"2_Brookings",57
"753","Luxembourg",1986,"2_Brookings",57
"754","Luxembourg",1987,"2_Brookings",58.8
"755","Luxembourg",1988,"2_Brookings",56
"756","Luxembourg",1989,"2_Brookings",56
"757","Luxembourg",1990,"2_Brookings",56
"758","Luxembourg",1991,"2_Brookings",50
"759","Luxembourg",1992,"2_Brookings",50
"760","Luxembourg",1993,"2_Brookings",50
"761","Luxembourg",1994,"2_Brookings",50
"762","Luxembourg",1995,"2_Brookings",50
"763","Luxembourg",1996,"2_Brookings",50
"764","Luxembourg",1997,"2_Brookings",NA
"765","Luxembourg",1998,"2_Brookings",NA
"766","Luxembourg",1999,"2_Brookings",NA
"767","Luxembourg",2000,"1_OECD",46
"768","Luxembourg",2001,"1_OECD",42
"769","Luxembourg",2002,"1_OECD",38
"770","Luxembourg",2003,"1_OECD",38
"771","Luxembourg",2004,"1_OECD",38
"772","Luxembourg",2005,"1_OECD",38
"773","Luxembourg",2006,"1_OECD",38
"774","Luxembourg",2007,"1_OECD",38
"775","Luxembourg",2008,"1_OECD",38
"776","Luxembourg",2009,"1_OECD",38
"777","Luxembourg",2010,"1_OECD",38
"778","Luxembourg",2011,"1_OECD",39
"779","Luxembourg",2012,"1_OECD",39
"780","Luxembourg",2013,"1_OECD",39
"781","Mexico",1975,"2_Brookings",NA
"782","Mexico",1976,"2_Brookings",50
"783","Mexico",1977,"2_Brookings",NA
"784","Mexico",1978,"2_Brookings",NA
"785","Mexico",1979,"2_Brookings",55
"786","Mexico",1980,"2_Brookings",55
"787","Mexico",1981,"2_Brookings",55
"788","Mexico",1982,"2_Brookings",55
"789","Mexico",1983,"2_Brookings",55
"790","Mexico",1984,"2_Brookings",55
"791","Mexico",1985,"2_Brookings",55
"792","Mexico",1986,"2_Brookings",55
"793","Mexico",1987,"2_Brookings",55
"794","Mexico",1988,"2_Brookings",50
"795","Mexico",1989,"2_Brookings",40
"796","Mexico",1990,"2_Brookings",35
"797","Mexico",1991,"2_Brookings",35
"798","Mexico",1992,"2_Brookings",35
"799","Mexico",1993,"2_Brookings",35
"800","Mexico",1994,"2_Brookings",35
"801","Mexico",1995,"2_Brookings",35
"802","Mexico",1996,"2_Brookings",35
"803","Mexico",1997,"2_Brookings",35
"804","Mexico",1998,"2_Brookings",35
"805","Mexico",1999,"2_Brookings",40
"806","Mexico",2000,"1_OECD",40
"807","Mexico",2001,"1_OECD",40
"808","Mexico",2002,"1_OECD",35
"809","Mexico",2003,"1_OECD",34
"810","Mexico",2004,"1_OECD",33
"811","Mexico",2005,"1_OECD",30
"812","Mexico",2006,"1_OECD",29
"813","Mexico",2007,"1_OECD",28
"814","Mexico",2008,"1_OECD",28
"815","Mexico",2009,"1_OECD",28
"816","Mexico",2010,"1_OECD",30
"817","Mexico",2011,"1_OECD",30
"818","Mexico",2012,"1_OECD",30
"819","Mexico",2013,"1_OECD",30
"820","Netherlands",1975,"2_Brookings",71
"821","Netherlands",1976,"2_Brookings",NA
"822","Netherlands",1977,"2_Brookings",NA
"823","Netherlands",1978,"2_Brookings",NA
"824","Netherlands",1979,"2_Brookings",72
"825","Netherlands",1980,"2_Brookings",72
"826","Netherlands",1981,"2_Brookings",72
"827","Netherlands",1982,"2_Brookings",72
"828","Netherlands",1983,"2_Brookings",72
"829","Netherlands",1984,"2_Brookings",72
"830","Netherlands",1985,"2_Brookings",72
"831","Netherlands",1986,"2_Brookings",72
"832","Netherlands",1987,"2_Brookings",72
"833","Netherlands",1988,"2_Brookings",72
"834","Netherlands",1989,"2_Brookings",72
"835","Netherlands",1990,"2_Brookings",60
"836","Netherlands",1991,"2_Brookings",60
"837","Netherlands",1992,"2_Brookings",60
"838","Netherlands",1993,"2_Brookings",60
"839","Netherlands",1994,"2_Brookings",60
"840","Netherlands",1995,"2_Brookings",60
"841","Netherlands",1996,"2_Brookings",60
"842","Netherlands",1997,"2_Brookings",60
"843","Netherlands",1998,"2_Brookings",60
"844","Netherlands",1999,"2_Brookings",60
"845","Netherlands",2000,"1_OECD",60
"846","Netherlands",2001,"1_OECD",52
"847","Netherlands",2002,"1_OECD",52
"848","Netherlands",2003,"1_OECD",52
"849","Netherlands",2004,"1_OECD",52
"850","Netherlands",2005,"1_OECD",52
"851","Netherlands",2006,"1_OECD",52
"852","Netherlands",2007,"1_OECD",52
"853","Netherlands",2008,"1_OECD",52
"854","Netherlands",2009,"1_OECD",52
"855","Netherlands",2010,"1_OECD",52
"856","Netherlands",2011,"1_OECD",52
"857","Netherlands",2012,"1_OECD",52
"858","Netherlands",2013,"1_OECD",52
"859","New Zealand",1975,"2_Brookings",60
"860","New Zealand",1976,"2_Brookings",60
"861","New Zealand",1977,"2_Brookings",60
"862","New Zealand",1978,"2_Brookings",60
"863","New Zealand",1979,"2_Brookings",60
"864","New Zealand",1980,"2_Brookings",60
"865","New Zealand",1981,"2_Brookings",60
"866","New Zealand",1982,"2_Brookings",60
"867","New Zealand",1983,"2_Brookings",60
"868","New Zealand",1984,"2_Brookings",60
"869","New Zealand",1985,"2_Brookings",66
"870","New Zealand",1986,"2_Brookings",66
"871","New Zealand",1987,"2_Brookings",57
"872","New Zealand",1988,"2_Brookings",48
"873","New Zealand",1989,"2_Brookings",40.5
"874","New Zealand",1990,"2_Brookings",33
"875","New Zealand",1991,"2_Brookings",33
"876","New Zealand",1992,"2_Brookings",33
"877","New Zealand",1993,"2_Brookings",33
"878","New Zealand",1994,"2_Brookings",33
"879","New Zealand",1995,"2_Brookings",33
"880","New Zealand",1996,"2_Brookings",33
"881","New Zealand",1997,"2_Brookings",33
"882","New Zealand",1998,"2_Brookings",33
"883","New Zealand",1999,"2_Brookings",33
"884","New Zealand",2000,"1_OECD",39
"885","New Zealand",2001,"1_OECD",39
"886","New Zealand",2002,"1_OECD",39
"887","New Zealand",2003,"1_OECD",39
"888","New Zealand",2004,"1_OECD",39
"889","New Zealand",2005,"1_OECD",39
"890","New Zealand",2006,"1_OECD",39
"891","New Zealand",2007,"1_OECD",39
"892","New Zealand",2008,"1_OECD",39
"893","New Zealand",2009,"1_OECD",38
"894","New Zealand",2010,"1_OECD",35.5
"895","New Zealand",2011,"1_OECD",33
"896","New Zealand",2012,"1_OECD",33
"897","New Zealand",2013,"1_OECD",33
"898","Norway",1975,"2_Brookings",73
"899","Norway",1976,"2_Brookings",71
"900","Norway",1977,"2_Brookings",NA
"901","Norway",1978,"2_Brookings",NA
"902","Norway",1979,"2_Brookings",75.4
"903","Norway",1980,"2_Brookings",NA
"904","Norway",1981,"2_Brookings",65.4
"905","Norway",1982,"2_Brookings",70.4
"906","Norway",1983,"2_Brookings",NA
"907","Norway",1984,"2_Brookings",40.5
"908","Norway",1985,"2_Brookings",40
"909","Norway",1986,"2_Brookings",40
"910","Norway",1987,"2_Brookings",34
"911","Norway",1988,"2_Brookings",23
"912","Norway",1989,"2_Brookings",19
"913","Norway",1990,"2_Brookings",17
"914","Norway",1991,"2_Brookings",14
"915","Norway",1992,"2_Brookings",13
"916","Norway",1993,"2_Brookings",13.7
"917","Norway",1994,"2_Brookings",13.7
"918","Norway",1995,"2_Brookings",13.7
"919","Norway",1996,"2_Brookings",13.7
"920","Norway",1997,"2_Brookings",NA
"921","Norway",1998,"2_Brookings",28
"922","Norway",1999,"2_Brookings",28
"923","Norway",2000,"1_OECD",29.85
"924","Norway",2001,"1_OECD",28.4
"925","Norway",2002,"1_OECD",33.2
"926","Norway",2003,"1_OECD",31.26
"927","Norway",2004,"1_OECD",31.7
"928","Norway",2005,"1_OECD",27.3
"929","Norway",2006,"1_OECD",23.8
"930","Norway",2007,"1_OECD",24.6
"931","Norway",2008,"1_OECD",25.3
"932","Norway",2009,"1_OECD",24.55
"933","Norway",2010,"1_OECD",24.55
"934","Norway",2011,"1_OECD",26.05
"935","Norway",2012,"1_OECD",25.75
"936","Norway",2013,"1_OECD",25.75
"937","Poland",1975,"2_Brookings",NA
"938","Poland",1976,"2_Brookings",NA
"939","Poland",1977,"2_Brookings",NA
"940","Poland",1978,"2_Brookings",NA
"941","Poland",1979,"2_Brookings",NA
"942","Poland",1980,"2_Brookings",NA
"943","Poland",1981,"2_Brookings",NA
"944","Poland",1982,"2_Brookings",NA
"945","Poland",1983,"2_Brookings",NA
"946","Poland",1984,"2_Brookings",NA
"947","Poland",1985,"2_Brookings",NA
"948","Poland",1986,"2_Brookings",NA
"949","Poland",1987,"2_Brookings",NA
"950","Poland",1988,"2_Brookings",NA
"951","Poland",1989,"2_Brookings",NA
"952","Poland",1990,"2_Brookings",NA
"953","Poland",1991,"2_Brookings",NA
"954","Poland",1992,"2_Brookings",40
"955","Poland",1993,"2_Brookings",40
"956","Poland",1994,"2_Brookings",45
"957","Poland",1995,"2_Brookings",45
"958","Poland",1996,"2_Brookings",45
"959","Poland",1997,"2_Brookings",44
"960","Poland",1998,"2_Brookings",40
"961","Poland",1999,"2_Brookings",40
"962","Poland",2000,"1_OECD",40
"963","Poland",2001,"2_Brookings",40
"964","Poland",2002,"1_OECD",40
"965","Poland",2003,"1_OECD",40
"966","Poland",2004,"1_OECD",40
"967","Poland",2005,"1_OECD",40
"968","Poland",2006,"1_OECD",40
"969","Poland",2007,"1_OECD",40
"970","Poland",2008,"1_OECD",40
"971","Poland",2009,"1_OECD",32
"972","Poland",2010,"1_OECD",32
"973","Poland",2011,"1_OECD",32
"974","Poland",2012,"1_OECD",32
"975","Poland",2013,"1_OECD",32
"976","Portugal",1975,"2_Brookings",NA
"977","Portugal",1976,"2_Brookings",91
"978","Portugal",1977,"2_Brookings",NA
"979","Portugal",1978,"2_Brookings",NA
"980","Portugal",1979,"2_Brookings",80
"981","Portugal",1980,"2_Brookings",NA
"982","Portugal",1981,"2_Brookings",77.5
"983","Portugal",1982,"2_Brookings",77.5
"984","Portugal",1983,"2_Brookings",NA
"985","Portugal",1984,"2_Brookings",70
"986","Portugal",1985,"2_Brookings",60
"987","Portugal",1986,"2_Brookings",60
"988","Portugal",1987,"2_Brookings",50
"989","Portugal",1988,"2_Brookings",50
"990","Portugal",1989,"2_Brookings",40
"991","Portugal",1990,"2_Brookings",40
"992","Portugal",1991,"2_Brookings",40
"993","Portugal",1992,"2_Brookings",40
"994","Portugal",1993,"2_Brookings",40
"995","Portugal",1994,"2_Brookings",40
"996","Portugal",1995,"2_Brookings",40
"997","Portugal",1996,"2_Brookings",40
"998","Portugal",1997,"2_Brookings",40
"999","Portugal",1998,"2_Brookings",40
"1000","Portugal",1999,"2_Brookings",40
"1001","Portugal",2000,"1_OECD",40
"1002","Portugal",2001,"1_OECD",40
"1003","Portugal",2002,"1_OECD",40
"1004","Portugal",2003,"1_OECD",40
"1005","Portugal",2004,"1_OECD",40
"1006","Portugal",2005,"1_OECD",40
"1007","Portugal",2006,"1_OECD",42
"1008","Portugal",2007,"1_OECD",42
"1009","Portugal",2008,"1_OECD",42
"1010","Portugal",2009,"1_OECD",42
"1011","Portugal",2010,"1_OECD",45.88
"1012","Portugal",2011,"1_OECD",46.5
"1013","Portugal",2012,"1_OECD",46.5
"1014","Portugal",2013,"1_OECD",48
"1015","Slovak Republic",1975,"2_Brookings",NA
"1016","Slovak Republic",1976,"2_Brookings",NA
"1017","Slovak Republic",1977,"2_Brookings",NA
"1018","Slovak Republic",1978,"2_Brookings",NA
"1019","Slovak Republic",1979,"2_Brookings",NA
"1020","Slovak Republic",1980,"2_Brookings",NA
"1021","Slovak Republic",1981,"2_Brookings",NA
"1022","Slovak Republic",1982,"2_Brookings",NA
"1023","Slovak Republic",1983,"2_Brookings",NA
"1024","Slovak Republic",1984,"2_Brookings",NA
"1025","Slovak Republic",1985,"2_Brookings",NA
"1026","Slovak Republic",1986,"2_Brookings",NA
"1027","Slovak Republic",1987,"2_Brookings",NA
"1028","Slovak Republic",1988,"2_Brookings",NA
"1029","Slovak Republic",1989,"2_Brookings",NA
"1030","Slovak Republic",1990,"2_Brookings",NA
"1031","Slovak Republic",1991,"2_Brookings",NA
"1032","Slovak Republic",1992,"2_Brookings",NA
"1033","Slovak Republic",1993,"2_Brookings",NA
"1034","Slovak Republic",1994,"2_Brookings",NA
"1035","Slovak Republic",1995,"2_Brookings",42
"1036","Slovak Republic",1996,"2_Brookings",42
"1037","Slovak Republic",1997,"2_Brookings",42
"1038","Slovak Republic",1998,"2_Brookings",42
"1039","Slovak Republic",1999,"2_Brookings",42
"1040","Slovak Republic",2000,"1_OECD",42
"1041","Slovak Republic",2001,"1_OECD",42
"1042","Slovak Republic",2002,"1_OECD",38
"1043","Slovak Republic",2003,"1_OECD",38
"1044","Slovak Republic",2004,"2_Brookings",19
"1045","Slovak Republic",2005,"2_Brookings",19
"1046","Slovak Republic",2006,"2_Brookings",19
"1047","Slovak Republic",2007,"2_Brookings",19
"1048","Slovak Republic",2008,"2_Brookings",19
"1049","Slovak Republic",2009,"2_Brookings",19
"1050","Slovak Republic",2010,"2_Brookings",19
"1051","Slovak Republic",2011,"2_Brookings",19
"1052","Slovak Republic",2012,"2_Brookings",19
"1053","Slovak Republic",2013,"1_OECD",25
"1054","Slovenia",1975,"2_Brookings",NA
"1055","Slovenia",1976,"2_Brookings",NA
"1056","Slovenia",1977,"2_Brookings",NA
"1057","Slovenia",1978,"2_Brookings",NA
"1058","Slovenia",1979,"2_Brookings",NA
"1059","Slovenia",1980,"2_Brookings",NA
"1060","Slovenia",1981,"2_Brookings",NA
"1061","Slovenia",1982,"2_Brookings",NA
"1062","Slovenia",1983,"2_Brookings",NA
"1063","Slovenia",1984,"2_Brookings",NA
"1064","Slovenia",1985,"2_Brookings",NA
"1065","Slovenia",1986,"2_Brookings",NA
"1066","Slovenia",1987,"2_Brookings",NA
"1067","Slovenia",1988,"2_Brookings",NA
"1068","Slovenia",1989,"2_Brookings",NA
"1069","Slovenia",1990,"2_Brookings",NA
"1070","Slovenia",1991,"2_Brookings",NA
"1071","Slovenia",1992,"2_Brookings",NA
"1072","Slovenia",1993,"2_Brookings",NA
"1073","Slovenia",1994,"2_Brookings",NA
"1074","Slovenia",1995,"2_Brookings",NA
"1075","Slovenia",1996,"2_Brookings",NA
"1076","Slovenia",1997,"2_Brookings",NA
"1077","Slovenia",1998,"2_Brookings",NA
"1078","Slovenia",1999,"2_Brookings",NA
"1079","Slovenia",2000,"1_OECD",50
"1080","Slovenia",2001,"1_OECD",50
"1081","Slovenia",2002,"1_OECD",50
"1082","Slovenia",2003,"1_OECD",50
"1083","Slovenia",2004,"1_OECD",50
"1084","Slovenia",2005,"1_OECD",50
"1085","Slovenia",2006,"1_OECD",50
"1086","Slovenia",2007,"1_OECD",41
"1087","Slovenia",2008,"1_OECD",41
"1088","Slovenia",2009,"1_OECD",41
"1089","Slovenia",2010,"1_OECD",41
"1090","Slovenia",2011,"1_OECD",41
"1091","Slovenia",2012,"1_OECD",41
"1092","Slovenia",2013,"1_OECD",50
"1093","Spain",1975,"2_Brookings",62
"1094","Spain",1976,"2_Brookings",NA
"1095","Spain",1977,"2_Brookings",NA
"1096","Spain",1978,"2_Brookings",NA
"1097","Spain",1979,"2_Brookings",65.5
"1098","Spain",1980,"2_Brookings",65.5
"1099","Spain",1981,"2_Brookings",65.6
"1100","Spain",1982,"2_Brookings",68.47
"1101","Spain",1983,"2_Brookings",NA
"1102","Spain",1984,"2_Brookings",66
"1103","Spain",1985,"2_Brookings",66
"1104","Spain",1986,"2_Brookings",66
"1105","Spain",1987,"2_Brookings",66
"1106","Spain",1988,"2_Brookings",56
"1107","Spain",1989,"2_Brookings",56
"1108","Spain",1990,"2_Brookings",56
"1109","Spain",1991,"2_Brookings",56
"1110","Spain",1992,"2_Brookings",53
"1111","Spain",1993,"2_Brookings",56
"1112","Spain",1994,"2_Brookings",56
"1113","Spain",1995,"2_Brookings",56
"1114","Spain",1996,"2_Brookings",56
"1115","Spain",1997,"2_Brookings",56
"1116","Spain",1998,"2_Brookings",48
"1117","Spain",1999,"2_Brookings",40
"1118","Spain",2000,"1_OECD",39.6
"1119","Spain",2001,"1_OECD",39.6
"1120","Spain",2002,"1_OECD",39.6
"1121","Spain",2003,"1_OECD",29.16
"1122","Spain",2004,"1_OECD",29.16
"1123","Spain",2005,"1_OECD",29.16
"1124","Spain",2006,"1_OECD",29.16
"1125","Spain",2007,"1_OECD",27.13
"1126","Spain",2008,"1_OECD",27.13
"1127","Spain",2009,"1_OECD",27.13
"1128","Spain",2010,"1_OECD",27.13
"1129","Spain",2011,"1_OECD",23.5
"1130","Spain",2012,"1_OECD",30.5
"1131","Spain",2013,"1_OECD",30.5
"1132","Sweden",1975,"2_Brookings",87
"1133","Sweden",1976,"2_Brookings",83
"1134","Sweden",1977,"2_Brookings",NA
"1135","Sweden",1978,"2_Brookings",NA
"1136","Sweden",1979,"2_Brookings",86.5
"1137","Sweden",1980,"2_Brookings",NA
"1138","Sweden",1981,"2_Brookings",85
"1139","Sweden",1982,"2_Brookings",85
"1140","Sweden",1983,"2_Brookings",NA
"1141","Sweden",1984,"2_Brookings",82
"1142","Sweden",1985,"2_Brookings",80
"1143","Sweden",1986,"2_Brookings",80
"1144","Sweden",1987,"2_Brookings",77
"1145","Sweden",1988,"2_Brookings",75
"1146","Sweden",1989,"2_Brookings",72
"1147","Sweden",1990,"2_Brookings",65
"1148","Sweden",1991,"2_Brookings",20
"1149","Sweden",1992,"2_Brookings",20
"1150","Sweden",1993,"2_Brookings",30
"1151","Sweden",1994,"2_Brookings",30
"1152","Sweden",1995,"2_Brookings",30
"1153","Sweden",1996,"2_Brookings",30
"1154","Sweden",1997,"2_Brookings",30
"1155","Sweden",1998,"2_Brookings",31
"1156","Sweden",1999,"2_Brookings",31
"1157","Sweden",2000,"1_OECD",25
"1158","Sweden",2001,"1_OECD",25
"1159","Sweden",2002,"1_OECD",25
"1160","Sweden",2003,"1_OECD",25
"1161","Sweden",2004,"1_OECD",25
"1162","Sweden",2005,"1_OECD",25
"1163","Sweden",2006,"1_OECD",25
"1164","Sweden",2007,"1_OECD",25
"1165","Sweden",2008,"1_OECD",25
"1166","Sweden",2009,"1_OECD",25
"1167","Sweden",2010,"1_OECD",25
"1168","Sweden",2011,"1_OECD",25
"1169","Sweden",2012,"1_OECD",25
"1170","Sweden",2013,"1_OECD",25
"1171","Switzerland",1975,"2_Brookings",44
"1172","Switzerland",1976,"2_Brookings",NA
"1173","Switzerland",1977,"2_Brookings",NA
"1174","Switzerland",1978,"2_Brookings",NA
"1175","Switzerland",1979,"2_Brookings",41
"1176","Switzerland",1980,"2_Brookings",NA
"1177","Switzerland",1981,"2_Brookings",42
"1178","Switzerland",1982,"2_Brookings",40
"1179","Switzerland",1983,"2_Brookings",NA
"1180","Switzerland",1984,"2_Brookings",11.5
"1181","Switzerland",1985,"2_Brookings",11.5
"1182","Switzerland",1986,"2_Brookings",11.5
"1183","Switzerland",1987,"2_Brookings",11.5
"1184","Switzerland",1988,"2_Brookings",11.5
"1185","Switzerland",1989,"2_Brookings",11.5
"1186","Switzerland",1990,"2_Brookings",11.5
"1187","Switzerland",1991,"2_Brookings",11.5
"1188","Switzerland",1992,"2_Brookings",11.5
"1189","Switzerland",1993,"2_Brookings",11.5
"1190","Switzerland",1994,"2_Brookings",11.5
"1191","Switzerland",1995,"2_Brookings",11.5
"1192","Switzerland",1996,"2_Brookings",11.5
"1193","Switzerland",1997,"2_Brookings",13
"1194","Switzerland",1998,"2_Brookings",13
"1195","Switzerland",1999,"2_Brookings",NA
"1196","Switzerland",2000,"1_OECD",11.5
"1197","Switzerland",2001,"1_OECD",11.5
"1198","Switzerland",2002,"1_OECD",11.5
"1199","Switzerland",2003,"1_OECD",11.5
"1200","Switzerland",2004,"1_OECD",11.5
"1201","Switzerland",2005,"1_OECD",13.2
"1202","Switzerland",2006,"1_OECD",13.2
"1203","Switzerland",2007,"1_OECD",13.2
"1204","Switzerland",2008,"1_OECD",13.2
"1205","Switzerland",2009,"1_OECD",13.2
"1206","Switzerland",2010,"1_OECD",13.2
"1207","Switzerland",2011,"1_OECD",13.2
"1208","Switzerland",2012,"1_OECD",13.2
"1209","Switzerland",2013,"1_OECD",13.2
"1210","Turkey",1975,"2_Brookings",68
"1211","Turkey",1976,"2_Brookings",NA
"1212","Turkey",1977,"2_Brookings",NA
"1213","Turkey",1978,"2_Brookings",NA
"1214","Turkey",1979,"2_Brookings",NA
"1215","Turkey",1980,"2_Brookings",NA
"1216","Turkey",1981,"2_Brookings",NA
"1217","Turkey",1982,"2_Brookings",65
"1218","Turkey",1983,"2_Brookings",NA
"1219","Turkey",1984,"2_Brookings",60
"1220","Turkey",1985,"2_Brookings",55
"1221","Turkey",1986,"2_Brookings",50
"1222","Turkey",1987,"2_Brookings",50
"1223","Turkey",1988,"2_Brookings",50
"1224","Turkey",1989,"2_Brookings",50
"1225","Turkey",1990,"2_Brookings",50
"1226","Turkey",1991,"2_Brookings",50
"1227","Turkey",1992,"2_Brookings",50
"1228","Turkey",1993,"2_Brookings",50
"1229","Turkey",1994,"2_Brookings",55
"1230","Turkey",1995,"2_Brookings",55
"1231","Turkey",1996,"2_Brookings",55
"1232","Turkey",1997,"2_Brookings",55
"1233","Turkey",1998,"2_Brookings",45
"1234","Turkey",1999,"2_Brookings",40
"1235","Turkey",2000,"1_OECD",40
"1236","Turkey",2001,"1_OECD",40
"1237","Turkey",2002,"1_OECD",40
"1238","Turkey",2003,"1_OECD",40
"1239","Turkey",2004,"1_OECD",40
"1240","Turkey",2005,"1_OECD",35
"1241","Turkey",2006,"1_OECD",35
"1242","Turkey",2007,"1_OECD",35
"1243","Turkey",2008,"1_OECD",35
"1244","Turkey",2009,"1_OECD",35
"1245","Turkey",2010,"1_OECD",35
"1246","Turkey",2011,"1_OECD",35
"1247","Turkey",2012,"1_OECD",35
"1248","Turkey",2013,"1_OECD",35
"1249","United Kingdom",1975,"2_Brookings",83
"1250","United Kingdom",1976,"2_Brookings",83
"1251","United Kingdom",1977,"2_Brookings",83
"1252","United Kingdom",1978,"2_Brookings",83
"1253","United Kingdom",1979,"2_Brookings",83
"1254","United Kingdom",1980,"2_Brookings",NA
"1255","United Kingdom",1981,"2_Brookings",60
"1256","United Kingdom",1982,"2_Brookings",60
"1257","United Kingdom",1983,"2_Brookings",60
"1258","United Kingdom",1984,"2_Brookings",60
"1259","United Kingdom",1985,"2_Brookings",60
"1260","United Kingdom",1986,"2_Brookings",60
"1261","United Kingdom",1987,"2_Brookings",60
"1262","United Kingdom",1988,"2_Brookings",60
"1263","United Kingdom",1989,"2_Brookings",60
"1264","United Kingdom",1990,"2_Brookings",40
"1265","United Kingdom",1991,"2_Brookings",40
"1266","United Kingdom",1992,"2_Brookings",40
"1267","United Kingdom",1993,"2_Brookings",40
"1268","United Kingdom",1994,"2_Brookings",40
"1269","United Kingdom",1995,"2_Brookings",40
"1270","United Kingdom",1996,"2_Brookings",40
"1271","United Kingdom",1997,"2_Brookings",40
"1272","United Kingdom",1998,"2_Brookings",40
"1273","United Kingdom",1999,"2_Brookings",40
"1274","United Kingdom",2000,"1_OECD",40
"1275","United Kingdom",2001,"1_OECD",40
"1276","United Kingdom",2002,"1_OECD",40
"1277","United Kingdom",2003,"1_OECD",40
"1278","United Kingdom",2004,"1_OECD",40
"1279","United Kingdom",2005,"1_OECD",40
"1280","United Kingdom",2006,"1_OECD",40
"1281","United Kingdom",2007,"1_OECD",40
"1282","United Kingdom",2008,"1_OECD",40
"1283","United Kingdom",2009,"1_OECD",40
"1284","United Kingdom",2010,"1_OECD",50
"1285","United Kingdom",2011,"1_OECD",50
"1286","United Kingdom",2012,"1_OECD",50
"1287","United Kingdom",2013,"1_OECD",45
"1288","United States",1975,"2_Brookings",70
"1289","United States",1976,"2_Brookings",70
"1290","United States",1977,"2_Brookings",70
"1291","United States",1978,"2_Brookings",70
"1292","United States",1979,"2_Brookings",70
"1293","United States",1980,"2_Brookings",70
"1294","United States",1981,"2_Brookings",69.13
"1295","United States",1982,"2_Brookings",50
"1296","United States",1983,"2_Brookings",50
"1297","United States",1984,"2_Brookings",50
"1298","United States",1985,"2_Brookings",50
"1299","United States",1986,"2_Brookings",50
"1300","United States",1987,"2_Brookings",38.5
"1301","United States",1988,"2_Brookings",28
"1302","United States",1989,"2_Brookings",28
"1303","United States",1990,"2_Brookings",28
"1304","United States",1991,"2_Brookings",28
"1305","United States",1992,"2_Brookings",31
"1306","United States",1993,"2_Brookings",39.6
"1307","United States",1994,"2_Brookings",39.6
"1308","United States",1995,"2_Brookings",39.6
"1309","United States",1996,"2_Brookings",39.6
"1310","United States",1997,"2_Brookings",39.6
"1311","United States",1998,"2_Brookings",39.6
"1312","United States",1999,"2_Brookings",39.6
"1313","United States",2000,"1_OECD",39.6
"1314","United States",2001,"1_OECD",39.1
"1315","United States",2002,"1_OECD",38.6
"1316","United States",2003,"1_OECD",35
"1317","United States",2004,"1_OECD",35
"1318","United States",2005,"1_OECD",35
"1319","United States",2006,"1_OECD",35
"1320","United States",2007,"1_OECD",35
"1321","United States",2008,"1_OECD",35
"1322","United States",2009,"1_OECD",35
"1323","United States",2010,"1_OECD",35
"1324","United States",2011,"1_OECD",35
"1325","United States",2012,"1_OECD",35
"1326","United States",2013,"1_OECD",39.6
